paper_id,title,year,journal,doi,doi_url
paper_01,Bank lending during the financial crisis of 2008,2009,Journal of Financial Economics,10.1016/j.jfineco.2009.12.001,https://doi.org/10.1016/j.jfineco.2009.12.001
paper_02,"Safer Ratios, Riskier Portfolios: Banks’ Response to Government Aid",2012,SSRN Electronic Journal,10.2139/ssrn.1925710,https://doi.org/10.2139/ssrn.1925710
paper_03,Does banking competition affect innovation?,2014,Journal of Financial Economics,10.1016/j.jfineco.2014.09.001,https://doi.org/10.1016/j.jfineco.2014.09.001
paper_04,What Explains the Stock Market's Reaction to Federal Reserve Policy?,2005,The Journal of Finance,10.1111/j.1540-6261.2005.00760.x,https://doi.org/10.1111/j.1540-6261.2005.00760.x
paper_06,The Importance of Industry Links in Merger Waves,2013,The Journal of Finance,10.1111/jofi.12122,https://doi.org/10.1111/jofi.12122
paper_09,The Vote Is Cast: The Effect of Corporate Governance on Shareholder Value,2012,The Journal of Finance,10.1111/j.1540-6261.2012.01776.x,https://doi.org/10.1111/j.1540-6261.2012.01776.x
paper_10,Does Stock Liquidity Enhance or Impede Firm Innovation?,2014,The Journal of Finance,10.1111/jofi.12187,https://doi.org/10.1111/jofi.12187
paper_11,Corporate Governance and Acquirer Returns,2007,The Journal of Finance,10.1111/j.1540-6261.2007.01259.x,https://doi.org/10.1111/j.1540-6261.2007.01259.x
paper_12,Firm size and the gains from acquisitions,2004,Journal of Financial Economics,10.1016/j.jfineco.2003.07.002,https://doi.org/10.1016/j.jfineco.2003.07.002
paper_13,What drives merger waves?,2005,Journal of Financial Economics,10.1016/j.jfineco.2004.05.004,https://doi.org/10.1016/j.jfineco.2004.05.004
paper_17,Economic Shocks and Civil Conflict: An Instrumental Variables Approach,2004,Journal of Political Economy,10.1086/421174,https://doi.org/10.1086/421174
paper_18,The Colonial Origins of Comparative Development: An Empirical Investigation,2001,American Economic Review,10.1257/aer.91.5.1369,https://doi.org/10.1257/aer.91.5.1369
paper_22,Schooling and Labor Market Consequences of School Construction in Indonesia: Evidence from an Unusual Policy Experiment,2001,American Economic Review,10.1257/aer.91.4.795,https://doi.org/10.1257/aer.91.4.795
paper_24,Does Credit Competition Affect Small‐Firm Finance?,2010,The Journal of Finance,10.1111/j.1540-6261.2010.01555.x,https://doi.org/10.1111/j.1540-6261.2010.01555.x
paper_25,The real effects of financial constraints: Evidence from a financial crisis,2010,Journal of Financial Economics,10.1016/j.jfineco.2010.02.009,https://doi.org/10.1016/j.jfineco.2010.02.009
paper_26,The Response of Corporate Financing and Investment to Changes in the Supply of Credit,2010,Journal of Financial and Quantitative Analysis,10.1017/s0022109010000256,https://doi.org/10.1017/s0022109010000256
paper_28,Contagious Speculation and a Cure for Cancer: A Nonevent that Made Stock Prices Soar,2001,The Journal of Finance,10.1111/0022-1082.00330,https://doi.org/10.1111/0022-1082.00330
paper_30,Insider Trading in Credit Derivatives,2005,SSRN Electronic Journal,10.2139/ssrn.767864,https://doi.org/10.2139/ssrn.767864
paper_31,Estimating the Value of Political Connections,2001,American Economic Review,10.1257/aer.91.4.1095,https://doi.org/10.1257/aer.91.4.1095
paper_32,Does Going Public Affect Innovation?,2015,The Journal of Finance,10.1111/jofi.12275,https://doi.org/10.1111/jofi.12275
paper_33,Does Corporate Social Responsibility Lead to Superior Financial Performance? A Regression Discontinuity Approach,2015,Management Science,10.1287/mnsc.2014.2038,https://doi.org/10.1287/mnsc.2014.2038
paper_34,"The Effect of SOX Section 404: Costs, Earnings Quality, and Stock Prices",2010,The Journal of Finance,10.1111/j.1540-6261.2010.01564.x,https://doi.org/10.1111/j.1540-6261.2010.01564.x
paper_35,Did Securitization Lead to Lax Screening? Evidence from Subprime Loans<sup>*</sup>,2010,The Quarterly Journal of Economics,10.1162/qjec.2010.125.1.307,https://doi.org/10.1162/qjec.2010.125.1.307
paper_36,Are Emily and Greg More Employable Than Lakisha and Jamal? A Field Experiment on Labor Market Discrimination,2004,American Economic Review,10.1257/0002828042002561,https://doi.org/10.1257/0002828042002561
paper_37,Outsourcing at Will: The Contribution of Unjust Dismissal Doctrine to the Growth of Employment Outsourcing,2003,Journal of Labor Economics,10.1086/344122,https://doi.org/10.1086/344122
paper_39,The Impact of Immigration: Why Do Studies Reach Such Different Results?,2016,The Journal of Economic Perspectives,10.1257/jep.30.4.31,https://doi.org/10.1257/jep.30.4.31
paper_40,"Pay, Reference Points, and Police Performance*",2006,The Quarterly Journal of Economics,10.1162/qjec.121.3.783,https://doi.org/10.1162/qjec.121.3.783
paper_44,Estimating Marginal Returns to Medical Care: Evidence from At-Risk Newborns<sup>*</sup>,2010,The Quarterly Journal of Economics,10.1162/qjec.2010.125.2.591,https://doi.org/10.1162/qjec.2010.125.2.591
paper_52,Exposing Corrupt Politicians: The Effects of Brazil's Publicly Released Audits on Electoral Outcomes,2007,SSRN Electronic Journal,10.2139/ssrn.997867,https://doi.org/10.2139/ssrn.997867
paper_54,A multifaceted program causes lasting progress for the very poor: Evidence from six countries,2015,Science,10.1126/science.1260799,https://doi.org/10.1126/science.1260799
paper_59,Frictions in Shadow Banking: Evidence from the Lending Behavior of Money Market Mutual Funds,2014,Review of Financial Studies,10.1093/rfs/hhu025,https://doi.org/10.1093/rfs/hhu025
paper_60,Do Private Firms Invest Differently than Public Firms? Taking Cues from the Natural Gas Industry,2016,The Journal of Finance,10.1111/jofi.12417,https://doi.org/10.1111/jofi.12417
paper_62,"Hedge Fund Activism, Corporate Governance, and Firm Performance",2008,The Journal of Finance,10.1111/j.1540-6261.2008.01373.x,https://doi.org/10.1111/j.1540-6261.2008.01373.x
paper_64,Testing Asymmetric-Information Asset Pricing Models,2012,Review of Financial Studies,10.1093/rfs/hhr134,https://doi.org/10.1093/rfs/hhr134
paper_65,The Value of Bank Durability: Borrowers as Bank Stakeholders,1993,The Journal of Finance,10.1111/j.1540-6261.1993.tb04708.x,https://doi.org/10.1111/j.1540-6261.1993.tb04708.x
paper_67,When Does the Market Matter? Stock Prices and the Investment of Equity-Dependent Firms,2003,The Quarterly Journal of Economics,10.1162/00335530360698478,https://doi.org/10.1162/00335530360698478
paper_68,Does governance travel around the world? Evidence from institutional investors,2010,Journal of Financial Economics,10.1016/j.jfineco.2010.10.018,https://doi.org/10.1016/j.jfineco.2010.10.018
paper_69,How Does Financing Impact Investment? The Role of Debt Covenants,2008,The Journal of Finance,10.1111/j.1540-6261.2008.01391.x,https://doi.org/10.1111/j.1540-6261.2008.01391.x
paper_70,Control Rights and Capital Structure: An Empirical Investigation,2009,The Journal of Finance,10.1111/j.1540-6261.2009.01476.x,https://doi.org/10.1111/j.1540-6261.2009.01476.x
paper_71,Investment and Financing Constraints: Evidence from the Funding of Corporate Pension Plans,2006,The Journal of Finance,10.1111/j.1540-6261.2006.00829.x,https://doi.org/10.1111/j.1540-6261.2006.00829.x
paper_72,Does Employment Protection Reduce Productivity? Evidence from US States,2007,The Economic Journal,10.1111/j.1468-0297.2007.02055.x,https://doi.org/10.1111/j.1468-0297.2007.02055.x
paper_75,The War on Poverty's Experiment in Public Medicine: Community Health Centers and the Mortality of Older Americans,2015,American Economic Review,10.1257/aer.20120070,https://doi.org/10.1257/aer.20120070
paper_76,Earnings Losses of Displaced Workers,1992,,10.17848/wp92-11,https://doi.org/10.17848/wp92-11
paper_79,Lifetime Earnings and the Vietnam Era Draft Lottery: Evidence from Social Security Administrative Records: Errata,1990,American Economic Review,,
paper_83,Economic Impacts of New Unionization on Private Sector Employers: 1984-2001,2004,The Quarterly Journal of Economics,10.1162/0033553042476189,https://doi.org/10.1162/0033553042476189
paper_84,The Effects of Extended Unemployment Insurance Over the Business Cycle: Evidence from Regression Discontinuity Estimates Over 20 Years,2012,The Quarterly Journal of Economics,10.1093/qje/qjs010,https://doi.org/10.1093/qje/qjs010
paper_90,Why Are Indian Children So Short? The Role of Birth Order and Son Preference,2017,American Economic Review,10.1257/aer.20151282,https://doi.org/10.1257/aer.20151282
paper_92,Does Trade Cause Growth?,1999,American Economic Review,10.1257/aer.89.3.379,https://doi.org/10.1257/aer.89.3.379
paper_94,Disease and Development: Evidence from Hookworm Eradication in the American South,2007,The Quarterly Journal of Economics,10.1162/qjec.121.1.73,https://doi.org/10.1162/qjec.121.1.73
paper_96,Islamic Rule and the Empowerment of the Poor and Pious,2014,Econometrica,10.3982/ecta9878,https://doi.org/10.3982/ecta9878
paper_98,The incidence of mandated maternity benefits.,1994,PubMed,,
paper_100,Hospital Ownership and Public Medical Spending,2000,The Quarterly Journal of Economics,10.1162/003355300555097,https://doi.org/10.1162/003355300555097
paper_101,Is More Information Better? The Effects of “Report Cards” on Health Care Providers,2003,Journal of Political Economy,10.1086/374180,https://doi.org/10.1086/374180
paper_102,"Did Community Rating Induce an Adverse Selection Death Spiral? Evidence from New York, Pennsylvania, and Connecticut",2002,American Economic Review,10.1257/000282802760015720,https://doi.org/10.1257/000282802760015720
paper_103,Does More Intensive Treatment of Acute Myocardial Infarction in the Elderly Reduce Mortality?,1994,JAMA,10.1001/jama.1994.03520110039026,https://doi.org/10.1001/jama.1994.03520110039026
paper_105,The Relationship Between Education and Adult Mortality in the United States,2004,The Review of Economic Studies,10.1111/0034-6527.00329,https://doi.org/10.1111/0034-6527.00329
paper_106,"The Effect of Patient Cost Sharing on Utilization, Health, and Risk Protection",2014,American Economic Review,10.1257/aer.104.7.2152,https://doi.org/10.1257/aer.104.7.2152
paper_107,Mortality and Access to Care among Adults after State Medicaid Expansions,2012,New England Journal of Medicine,10.1056/nejmsa1202099,https://doi.org/10.1056/nejmsa1202099
paper_110,Does Aid Matter? Measuring the Effect of Student Aid on College Attendance and Completion,2003,American Economic Review,10.1257/000282803321455287,https://doi.org/10.1257/000282803321455287
paper_112,The Effects of School Spending on Educational and Economic Outcomes: Evidence from School Finance Reforms *,2015,The Quarterly Journal of Economics,10.1093/qje/qjv036,https://doi.org/10.1093/qje/qjv036
paper_113,Early Childhood Intervention and Life-Cycle Skill Development: Evidence from Head Start,2009,American Economic Journal Applied Economics,10.1257/app.1.3.111,https://doi.org/10.1257/app.1.3.111
paper_115,Are there civic returns to education?,2004,Journal of Public Economics,10.1016/j.jpubeco.2003.11.002,https://doi.org/10.1016/j.jpubeco.2003.11.002
paper_116,The Elite Illusion: Achievement Effects at Boston and New York Exam Schools,2014,Econometrica,10.3982/ecta10266,https://doi.org/10.3982/ecta10266
paper_119,Portage and Path Dependence *,2012,The Quarterly Journal of Economics,10.1093/qje/qjs011,https://doi.org/10.1093/qje/qjs011
paper_122,The Economic Costs of Conflict: A Case Study of the Basque Country,2003,American Economic Review,10.1257/000282803321455188,https://doi.org/10.1257/000282803321455188
paper_123,Using Electoral Cycles in Police Hiring to Estimate the Effect of Police on Crime,1995,SSRN Electronic Journal,,
paper_124,The Impact of Legalized Abortion on Crime,2001,The Quarterly Journal of Economics,10.1162/00335530151144050,https://doi.org/10.1162/00335530151144050
paper_126,Do Consumers Respond to Marginal or Average Price? Evidence from Nonlinear Electricity Pricing,2014,American Economic Review,10.1257/aer.104.2.537,https://doi.org/10.1257/aer.104.2.537
paper_128,"Trade Liberalization, Exit, and Productivity Improvements: Evidence from Chilean Plants",2002,The Review of Economic Studies,10.1111/1467-937x.00205,https://doi.org/10.1111/1467-937x.00205
paper_130,Factor Immobility and Regional Impacts of Trade Liberalization: Evidence on Poverty from India,2010,American Economic Journal Applied Economics,10.1257/app.2.4.1,https://doi.org/10.1257/app.2.4.1
paper_131,"Trade Induced Technical Change? The Impact of Chinese Imports on Innovation, IT and Productivity",2015,The Review of Economic Studies,10.1093/restud/rdv039,https://doi.org/10.1093/restud/rdv039
paper_134,"1 Trade, Wages, and the Political Economy of Trade Protection: Evidence from the Colombian Trade Reforms*",2001,,,
paper_136,The Effect of State Policies on the Location of Manufacturing: Evidence from State Borders,1998,Journal of Political Economy,10.1086/250026,https://doi.org/10.1086/250026
paper_137,Product standards and margins of trade: Firm-level evidence,2015,Journal of International Economics,10.1016/j.jinteco.2015.04.008,https://doi.org/10.1016/j.jinteco.2015.04.008
paper_142,Selling Labor Low: Wage Responses to Productivity Shocks in Developing Countries,2006,Journal of Political Economy,10.1086/503579,https://doi.org/10.1086/503579
paper_143,Economic Growth and the Rise of Forests,2003,The Quarterly Journal of Economics,10.1162/003355303321675464,https://doi.org/10.1162/003355303321675464
paper_144,Creating abundance: biological innovation and American agricultural development,2009,Choice Reviews Online,10.5860/choice.46-3811,https://doi.org/10.5860/choice.46-3811
paper_147,Scarcity: Why Having Too Little Means So Much,2013,,,
paper_148,The Miracle of Microfinance? Evidence from a Randomized Evaluation,2015,American Economic Journal Applied Economics,10.1257/app.20130533,https://doi.org/10.1257/app.20130533
paper_150,Colonialism and Modern Income: Islands as Natural Experiments,2009,The Review of Economics and Statistics,10.1162/rest.91.2.245,https://doi.org/10.1162/rest.91.2.245
paper_154,Demand and Supply of Infrequent Payments as a Commitment Device: Evidence from Kenya,2019,American Economic Review,10.1257/aer.20180281,https://doi.org/10.1257/aer.20180281
paper_155,The Effect of Liquid Housing Wealth on College Enrollment,2011,Journal of Labor Economics,10.1086/660775,https://doi.org/10.1086/660775
paper_156,Does School Spending Matter? The New Literature on an Old Question,2018,National Bureau of Economic Research,10.3386/w25368,https://doi.org/10.3386/w25368
paper_158,The Effects of Class Size on Student Achievement: New Evidence from Population Variation,2000,The Quarterly Journal of Economics,10.1162/003355300555060,https://doi.org/10.1162/003355300555060
paper_160,Why the Apple Doesn't Fall Far: Understanding Intergenerational Transmission of Human Capital,2004,SSRN Electronic Journal,10.2139/ssrn.605783,https://doi.org/10.2139/ssrn.605783
paper_162,A Little Now for a Lot Later: A Look at a Texas Advanced Placement Incentive Program,2010,The Journal of Human Resources,10.1353/jhr.2010.0019,https://doi.org/10.1353/jhr.2010.0019
paper_165,Are Consumers Myopic? Evidence from New and Used Car Purchases,2013,American Economic Review,10.1257/aer.103.1.220,https://doi.org/10.1257/aer.103.1.220
paper_166,The Effect of Driving Restrictions on Air Quality in Mexico City,2008,Journal of Political Economy,10.1086/529398,https://doi.org/10.1086/529398
paper_170,"Environmental Regulations, Air and Water Pollution, and Infant Mortality in India",2014,American Economic Review,10.1257/aer.104.10.3038,https://doi.org/10.1257/aer.104.10.3038
paper_171,The Impact of Pollution on Worker Productivity,2012,American Economic Review,10.1257/aer.102.7.3652,https://doi.org/10.1257/aer.102.7.3652
paper_174,Enjoying the Quiet Life? Corporate Governance and Managerial Preferences,2003,Journal of Political Economy,10.1086/376950,https://doi.org/10.1086/376950
paper_176,Common risk factors in the returns on stocks and bonds,1993,Journal of Financial Economics,10.1016/0304-405x(93)90023-5,https://doi.org/10.1016/0304-405x(93)90023-5
paper_177,Event Studies in Economics and Finance,1997,Journal of Economic Literature,,
paper_178,The Econometrics of Financial Markets,2012,Princeton University Press eBooks,10.2307/j.ctt7skm5,https://doi.org/10.2307/j.ctt7skm5
paper_179,The venture capital cycle,1999,,,
paper_181,Financial Dependence and Growth,1996,American Economic Review,,
paper_183,Why Has CEO Pay Increased So Much?<sup>*</sup>,2008,The Quarterly Journal of Economics,10.1162/qjec.2008.123.1.49,https://doi.org/10.1162/qjec.2008.123.1.49
paper_184,Anchoring on Credit Spreads,2015,The Journal of Finance,10.1111/jofi.12248,https://doi.org/10.1111/jofi.12248
paper_186,Tax Incentives and the Decision to Purchase Health Insurance: Evidence from the Self-Employed,1994,The Quarterly Journal of Economics,10.2307/2118419,https://doi.org/10.2307/2118419
paper_191,"Medicare Spending, The Physician Workforce, And Beneficiaries' Quality Of Care",2004,Health Affairs,10.1377/hlthaff.w4.184,https://doi.org/10.1377/hlthaff.w4.184
paper_194,"Medicare Spending, The Physician Workforce, And Beneficiaries' Quality Of Care",2004,Health Affairs,10.1377/hlthaff.w4.184,https://doi.org/10.1377/hlthaff.w4.184
paper_196,The Impact of the Mariel Boatlift on the Miami Labor Market,1990,Industrial and Labor Relations Review,10.2307/2523702,https://doi.org/10.2307/2523702
paper_197,Empirical Strategies in Labor Economics,1999,Handbook of labour economics,10.1016/s1573-4463(99)03004-7,https://doi.org/10.1016/s1573-4463(99)03004-7
paper_199,The Effect of the Minimum Wage on the Fast-Food Industry,1992,Industrial and Labor Relations Review,10.2307/2524735,https://doi.org/10.2307/2524735
paper_200,The Labor Demand Curve is Downward Sloping: Reexamining the Impact of Immigration on the Labor Market,2003,The Quarterly Journal of Economics,10.1162/003355303322552810,https://doi.org/10.1162/003355303322552810
paper_201,Identification and Estimation of Local Average Treatment Effects,1994,Econometrica,10.2307/2951620,https://doi.org/10.2307/2951620
paper_202,Consequences of Employment Protection? The Case of the Americans with Disabilities Act,2001,Journal of Political Economy,10.1086/322836,https://doi.org/10.1086/322836
paper_203,Identification and Estimation of Treatment Effects with a Regression-Discontinuity Design,2001,Econometrica,10.1111/1468-0262.00183,https://doi.org/10.1111/1468-0262.00183
paper_205,<i>E-ZTAX</i>: Tax Salience and Tax Rates<sup>*</sup>,2009,The Quarterly Journal of Economics,10.1162/qjec.2009.124.3.969,https://doi.org/10.1162/qjec.2009.124.3.969
paper_206,Measuring the Output Responses to Fiscal Policy,2012,American Economic Journal Economic Policy,10.1257/pol.4.2.1,https://doi.org/10.1257/pol.4.2.1
paper_209,MPs for Sale? Returns to Office in Postwar British Politics,2009,American Political Science Review,10.1017/s0003055409990190,https://doi.org/10.1017/s0003055409990190
paper_211,The Long and Short of the Canada-U.S. Free Trade Agreement,2004,American Economic Review,10.1257/0002828042002633,https://doi.org/10.1257/0002828042002633
paper_212,The Return to Protectionism*,2019,The Quarterly Journal of Economics,10.1093/qje/qjz036,https://doi.org/10.1093/qje/qjz036
paper_216,"Relationship-Specificity, Incomplete Contracts, and the Pattern of Trade",2007,The Quarterly Journal of Economics,10.1162/qjec.122.2.569,https://doi.org/10.1162/qjec.122.2.569
paper_217,Robust Nonparametric Confidence Intervals for Regression-Discontinuity Designs,2014,Econometrica,10.3982/ecta11757,https://doi.org/10.3982/ecta11757
paper_218,Does Hazardous Waste Matter? Evidence from the Housing Market and the Superfund Program<sup>*</sup>,2008,The Quarterly Journal of Economics,10.1162/qjec.2008.123.3.951,https://doi.org/10.1162/qjec.2008.123.3.951
paper_219,Did Highways Cause Suburbanization?,2007,The Quarterly Journal of Economics,10.1162/qjec.122.2.775,https://doi.org/10.1162/qjec.122.2.775
paper_220,The welfare economics of land use planning,2002,Journal of Urban Economics,10.1016/s0094-1190(02)00003-7,https://doi.org/10.1016/s0094-1190(02)00003-7
paper_221,Estimating the value of a new transit option,2011,Regional Science and Urban Economics,10.1016/j.regsciurbeco.2011.03.013,https://doi.org/10.1016/j.regsciurbeco.2011.03.013
paper_222,Creative Destruction: Barriers to Urban Growth and the Great Boston Fire of 1872,2017,American Economic Review,10.1257/aer.20141707,https://doi.org/10.1257/aer.20141707
paper_224,The Geographic Determinants of Housing Supply<sup>*</sup>,2010,The Quarterly Journal of Economics,10.1162/qjec.2010.125.3.1253,https://doi.org/10.1162/qjec.2010.125.3.1253
paper_225,When do better schools raise housing prices? Evidence from Paris public and private schools,2009,Journal of Public Economics,10.1016/j.jpubeco.2009.10.009,https://doi.org/10.1016/j.jpubeco.2009.10.009
paper_227,Do stock prices influence corporate decisions? Evidence from the technology bubble,2012,Journal of Financial Economics,10.1016/j.jfineco.2012.08.002,https://doi.org/10.1016/j.jfineco.2012.08.002
paper_228,The Impact of Medicaid on Labor Market Activity and Program Participation: Evidence from the Oregon Health Insurance Experiment,2014,American Economic Review,10.1257/aer.104.5.322,https://doi.org/10.1257/aer.104.5.322
paper_229,Salience and Taxation: Theory and Evidence,2009,American Economic Review,10.1257/aer.99.4.1145,https://doi.org/10.1257/aer.99.4.1145
paper_230,Workers' Compensation and Injury Duration: Evidence from a Natural Experiment,1995,Discover Archive (Vanderbilt University),,
paper_231,Looking for Local Labor Market Effects of NAFTA,2016,The Review of Economics and Statistics,10.1162/rest_a_00587,https://doi.org/10.1162/rest_a_00587
paper_232,"Trade Integration, Market Size, and Industrialization: Evidence from China's National Trunk Highway System",2014,The Review of Economic Studies,10.1093/restud/rdu010,https://doi.org/10.1093/restud/rdu010
paper_233,Valuation Ratios and the Long-Run Stock Market Outlook,1998,The Journal of Portfolio Management,10.3905/jpm.24.2.11,https://doi.org/10.3905/jpm.24.2.11
paper_234,The New Issues Puzzle,1995,The Journal of Finance,10.1111/j.1540-6261.1995.tb05166.x,https://doi.org/10.1111/j.1540-6261.1995.tb05166.x
paper_235,Minimum Wages and Employment: A Case Study of the Fast-Food Industry in New Jersey and Pennsylvania: Comment,2000,American Economic Review,10.1257/aer.90.5.1362,https://doi.org/10.1257/aer.90.5.1362
paper_236,Do Firms Want to Borrow More? Testing Credit Constraints Using a Directed Lending Program,2002,SSRN Electronic Journal,10.2139/ssrn.316587,https://doi.org/10.2139/ssrn.316587
paper_237,The Colonial Origins of Comparative Development: An Empirical Investigation,2001,American Economic Review,10.1257/aer.91.5.1369,https://doi.org/10.1257/aer.91.5.1369
paper_238,"The effects of the unemployment insurance payroll tax on wages, employment, claims and denials",2000,Journal of Public Economics,10.1016/s0047-2727(99)00112-7,https://doi.org/10.1016/s0047-2727(99)00112-7
paper_241,Adaptation to Climate Change: Evidence from US Agriculture,2016,American Economic Journal Economic Policy,10.1257/pol.20130025,https://doi.org/10.1257/pol.20130025
paper_242,Managing with Style: The Effect of Managers on Firm Policies,2003,The Quarterly Journal of Economics,10.1162/003355303322552775,https://doi.org/10.1162/003355303322552775
paper_243,Going to War and Going to College: Did World War II and the G.I. Bill Increase Educational Attainment for Returning Veterans?,2002,Journal of Labor Economics,10.1086/342012,https://doi.org/10.1086/342012
paper_245,The Clean Air Act of 1970 and Adult Mortality,2003,Journal of Risk and Uncertainty,10.1023/a:1025897327639,https://doi.org/10.1023/a:1025897327639
paper_248,The elasticity of taxable income: evidence and implications,2002,Journal of Public Economics,10.1016/s0047-2727(01)00085-8,https://doi.org/10.1016/s0047-2727(01)00085-8
paper_250,Evaluating the Cost of Conscription in The Netherlands,1995,Journal of Business and Economic Statistics,10.1080/07350015.1995.10524595,https://doi.org/10.1080/07350015.1995.10524595
paper_251,"Trade Liberalization, Intermediate Inputs, and Productivity: Evidence from Indonesia",2007,American Economic Review,10.1257/aer.97.5.1611,https://doi.org/10.1257/aer.97.5.1611
paper_253,As certain as debt and taxes: Estimating the tax sensitivity of leverage from state tax changes,2015,Journal of Financial Economics,10.1016/j.jfineco.2015.01.004,https://doi.org/10.1016/j.jfineco.2015.01.004
paper_254,Economic Impacts of New Unionization on Private Sector Employers: 1984-2001,2004,The Quarterly Journal of Economics,10.1162/0033553042476189,https://doi.org/10.1162/0033553042476189
paper_255,Identification and Estimation of Treatment Effects with a Regression-Discontinuity Design,2001,Econometrica,10.1111/1468-0262.00183,https://doi.org/10.1111/1468-0262.00183
paper_257,"Subways, Strikes, and Slowdowns: The Impacts of Public Transit on Traffic Congestion",2014,American Economic Review,10.1257/aer.104.9.2763,https://doi.org/10.1257/aer.104.9.2763
paper_258,Do Students Benefit from Attending Better Schools? Evidence from Rule‐based Student Assignments in Trinidad and Tobago,2010,The Economic Journal,10.1111/j.1468-0297.2010.02371.x,https://doi.org/10.1111/j.1468-0297.2010.02371.x
paper_261,"Climate Change, Mortality, and Adaptation: Evidence from Annual Fluctuations in Weather in the US",2011,American Economic Journal Applied Economics,10.1257/app.3.4.152,https://doi.org/10.1257/app.3.4.152
