label_row_id,paper_id,annotator_id,session_date,method_family,direction,supporting_sentence_method,supporting_sentence_direction,confidence_method,confidence_direction,time_spent_minutes,is_blind_relabel,original_label_row_id,notes
1,paper_05,YH,2026-04-24,EVENT_STUDY,negative,Our application works well because we estimate abnormal returns for well-defined announcements on specific and well-defined dates,"On average, firms lose 38% of their market values when news of their misconduct is reported.",high,high,32,False,-1,M1 edge case: primary measurement is event-study CAR; downstream decomposition of loss into fines / legal / reputation residual is a separate methodological contribution (see main results table). Labeled EVENT_STUDY because ES is the identification layer that produces headline CAR numbers.
2,paper_08,YH,2026-04-24,OTHER,negative,"Equation (1) is estimated using ordinary least squares (OLS), with errors clustered by quarter since this is the dimension on which the variables of interest vary.",firms appear to substitute bonds for bank loans at times when lending standards are tight.,high,high,59,False,-1,
3,paper_10,YH,2026-04-24,DID,negative,Using a difference-in-differences approach that relies on the exogenous variation in liquidity generated by regulatory changes,we find that an increase in liquidity causes a reduction in future innovation.,high,high,7,False,-1,
4,paper_64,YH,2026-05-01,EVENT_STUDY,negative,Figure 3 plots daily abnormal returns for trading days –22 through +22 relative to the day a brokerage firm closure was announced.,"On announcement, prices fall and continue falling over the following week, after which there is little evidence of a reversal.",high,high,16,False,-1,"Considered DID boundary, but main evidence is abnormal-return event window around brokerage closure announcement, so labeled EVENT_STUDY."
5,paper_66,YH,2026-05-01,OTHER,positive,We begin by using ordinary least squares (OLS) with clustering at the country level.,bank risk taking varies positively with the comparative power of shareholders within the corporate governance structure of each bank.,high,high,13,False,-1,"Labeled OTHER because main specification is OLS with clustered errors, not DID/Event Study/IV/RDD."
6,paper_68,YH,2026-05-01,OTHER,positive,We first estimate a pooled ordinary least squares (OLS) regression using our firm-year panel.,We find that firm-level governance is positively associated with international institutional investment.,high,high,25,False,-1,"Labeled OTHER because main specification is pooled OLS on firm-year panel; result is positive association, not DID/Event Study/IV/RDD. Timer anomaly corrected to 25 minutes."
7,paper_78,YH,2026-05-01,DID,positive,We then recover the treatment effect by performing traditional event studies for these two experimental groups and combining them into a straightforward dynamic difference-in-differences estimator.,Spouses and adult children immediately improve their health behaviors and their responses are both significant and persistent.,high,high,31,False,-1,"Dynamic event-study implementation, but paper explicitly combines two experimental groups into a dynamic DID estimator; labeled DID."
8,paper_90,YH,2026-05-01,OTHER,negative,Table 2 examines this pattern via regression analysis,India’s height disadvantage increases sharply with birth order.,high,high,34,False,-1,Labeled OTHER because the main evidence is regression analysis of birth-order pattern rather than DID/Event Study/IV/RDD; direction negative because disadvantage increases.
9,paper_113,YH,2026-05-01,OTHER,positive,I identify the effect of Head Start using within-family differences in program participation.,I estimate that Head Start participants gain 0.23 standard deviations on a summary index of young adult outcomes.,high,high,30,False,-1,"Labeled OTHER because identification uses within-family/family fixed-effect regression, not DID/Event Study/IV/RDD; positive effect on young-adult outcome index. Timer adjusted to include full reading time."
10,paper_114,YH,2026-05-01,OTHER,mixed,"Specifically, we match students in the newly colleted College and Beyond (C&B) Data Set who were admitted to and rejected from a similar set of institutions, and estimate fixed effects models.",Students who attended more selective colleges do not earn more than other students who were accepted and rejected by comparable schools but attended less selective colleges.,high,high,27,False,-1,Labeled OTHER because identification uses matching plus fixed-effects models rather than DID/Event Study/IV/RDD; direction mixed/near-null because main earnings result is no premium.
11,paper_122,YH,2026-05-01,OTHER,negative,we use a combination of other Spanish regions to construct a “synthetic” control region [...] before the outset of Basque political terrorism,"We find that, after the outbreak of terrorism, per capita GDP in the Basque Country declined about 10 percentage points relative to a synthetic control region without terrorism.",high,high,40,False,-1,Labeled OTHER because synthetic control is outside DID/Event Study/IV/RDD; negative effect on Basque GDP after terrorism.
12,paper_126,YH,2026-05-01,OTHER,negative,"I exploit price variation at spatial discontinuities in electricity service areas, where households in the same city experience substantially different nonlinear pricing.",I find strong evidence that consumers respond to average price rather than marginal or expected marginal price.,high,high,12,False,-1,"Considered RDD boundary due to spatial discontinuities, but main design uses price variation across electricity service areas and nonlinear pricing, not a cutoff-based local RD estimate; labeled OTHER."
13,paper_138,YH,2026-05-01,OTHER,positive,we estimate the impacts of temperature and precipitation on agricultural profits [...] to infer the economic impact of climate change in this sector,The preferred estimates indicate that climate change will increase annual profits by $1.3 billion in 2002 dollars (2002$) or 4 percent.,high,high,26,False,-1,"Labeled OTHER because the main design estimates weather/climate-profit regressions and projections, not DID/Event Study/IV/RDD; direction positive because preferred estimates increase annual profits."
14,paper_142,YH,2026-05-01,IV,positive,"Therefore, I use an instrumental variables approach and instrument for crop yield with rainfall shocks (rainfall in excess of the district’s normal rainfall).",Higher productivity seems to lead to a higher wage.,high,high,32,False,-1,Labeled IV because the paper explicitly instruments crop yield with rainfall shocks; direction positive because higher productivity raises wages.
15,paper_153,YH,2026-05-01,OTHER,negative,This paper uses a randomized field experiment to examine several approaches to reducing corruption.,"reduced missing expenditures by about 8 percentage points, more than enough to make these audits cost-effective",high,high,34,False,-1,"Labeled OTHER because the main design is a randomized field experiment, outside DID/Event Study/IV/RDD; direction negative because audits reduce missing expenditures/corruption."
16,paper_160,YH,2026-05-01,IV,mixed,We estimate the model using Two Stage Least Squares (2SLS) so that equation (2) is the first stage and serves as an instrumental variable for parental education.,"We find 2SLS estimates that are consistently lower than the OLS estimates, with the only statistically significant effect being a positive relationship between mother’s education and son’s education.",high,high,36,False,-1,Labeled IV because the model is estimated by 2SLS with an instrument for parental education; direction mixed because 2SLS estimates are lower than OLS and only one relationship is significantly positive.
17,paper_183,YH,2026-05-01,OTHER,positive,CEOs have different talents and are matched to firms in a competitive assignment model.  This paper develops a simple equilibrium model of CEO pay.,Our central equation predicts that a CEO’s equilibrium pay is increasing with both the size of his firm and the size of the average firm in the economy.,high,high,34,False,-1,"Labeled OTHER because this is an equilibrium/assignment model of CEO pay, not DID/Event Study/IV/RDD; direction positive because CEO pay increases with firm size."
18,paper_194,YH,2026-05-01,OTHER,negative,We explored the determinants of state spending and quality using generalized least squares regressions weighted by the size of the Medicare population in each state.,Higher spending is associated with lower quality of care as seen in Exhibits 1–3.,high,high,44,False,-1,"Labeled OTHER because the main design uses weighted generalized least squares regressions, not DID/Event Study/IV/RDD; direction negative because higher spending is associated with lower quality."
19,paper_206,YH,2026-05-01,OTHER,positive,"using regime-switching models, we find large differences in the size of spending multipliers in recessions and expansions","our preferred estimates of the government spending multiplier are between 0 and 0.5 in expansions, and between 1 and 1.5 in recessions.",high,high,44,False,-1,"Labeled OTHER because the main design uses regime-switching multiplier models, not DID/Event Study/IV/RDD; direction positive because preferred spending multipliers are positive, especially in recessions."
20,paper_223,YH,2026-05-01,IV,positive,"To identify the causal effect of roads on traffic, we [...] exploit three instrumental variables to predict the incidence of roads in MSAs.",We find that VKT increases proportionately to highways and identify three important sources for this extra VKT,high,high,37,False,-1,Labeled IV because the paper explicitly exploits three instrumental variables for roads; direction positive because VKT increases proportionately with highways.
21,paper_249,YH,2026-05-01,IV,positive,"To solve this problem, we use instrumental variables to estimate the effect of the average schooling level in an individual’s state.","IV estimates of external returns for men aged 40-49 in 1960-1980 are typically around 1-2%, and significantly lower than the corresponding OLS estimates.",high,medium,33,False,-1,Labeled IV because the paper explicitly uses instrumental variables for average schooling; direction positive but medium confidence because estimates are small and lower than OLS.
22,paper_11,YH,2026-05-01,EVENT_STUDY,negative,"We compute 5-day cumulative abnormal returns (CARs) during the window encompassed by event days (−2, +2), where event day 0 is the acquisition announcement date",We find that acquirers with more antitakeover provisions experience significantly lower announcement-period abnormal stock returns.,high,high,37,False,-1,Labeled EVENT_STUDY because the paper computes announcement-window CARs around acquisition announcements; direction negative because more antitakeover provisions lower abnormal returns.
23,paper_12,YH,2026-05-01,EVENT_STUDY,negative,"We estimate these abnormal returns over the three-day event window (−1, +1) using market model benchmark returns with the CRSP equally-weighted index returns.",Acquisitions thus result in losses for shareholders in the aggregate because the losses incurred by large firms are much larger than the gains realized by small firms.,high,high,25,False,-1,Labeled EVENT_STUDY because the paper estimates announcement-window abnormal returns; direction negative because aggregate shareholder losses are driven by large acquirer losses despite small acquirer gains.
24,paper_19,YH,2026-05-01,RDD,positive,As in other regression discontinuity studies [...] outcomes would evolve smoothly with age in the absence of the discrete change in insurance coverage at age 65,Groups with bigger increases in coverage at 65 experience bigger reductions [...] and bigger increases in the probability of routine doctor visits,high,high,39,False,-1,Labeled RDD because eligibility changes discretely at age 65 and the paper invokes smooth potential outcomes around the cutoff; direction positive because coverage improves access/utilization.
25,paper_28,YH,2026-05-01,EVENT_STUDY,positive,"In Section II we report the stock prices of ENMD around the three major event days, in Section III we look at the prices of members of the Nasdaq Biotechnology Combined Index around these days.","Thus, enthusiastic public attention induced a permanent rise in share prices, even though no genuinely new information had been presented.",high,high,25,False,-1,Labeled EVENT_STUDY because the paper studies stock prices around major event days; direction positive because public attention induced a permanent rise in share prices.
26,paper_34,YH,2026-05-01,RDD,negative,I use a regression discontinuity design that compares the companies that were just above the rule cutoff [...] to companies that were just below the cutoff,"On net, SOX compliance reduced the market value of small firms.",high,high,44,False,-1,Labeled RDD because the design compares firms just above and below a rule cutoff; direction negative because SOX compliance reduced the market value of small firms
27,paper_36,YH,2026-05-01,OTHER,negative,"To manipulate perceived race, resumes are randomly assigned African-American- or White-sounding names.",White names receive 50 percent more callbacks for interviews.,high,high,33,False,-1,"Randomized resume correspondence experiment; perceived race is randomly assigned through names. Not DID/Event Study/IV/RDD, so coded as OTHER."
28,paper_61,YH,2026-05-01,OTHER,positive,"Sin stocks have higher expected returns than otherwise comparable stocks, consistent with being neglected by norm-constrained investors.",Sin stocks have less institutional ownership and less analyst coverage than otherwise comparable stocks.,high,high,30,False,-1,Cross sectional asset pricing regressions comparing sin stocks with industry comparables not DID Event Study IV or RDD so coded as OTHER. Direction is positive because sin stocks have higher expected returns than otherwise comparable stocks.
29,paper_176,YH,2026-05-01,OTHER,mixed,The time-series regression approach is also convenient for studying two important asset-pricing issues.,"The regressions show that stock returns are related to market stock returns, and to size and book-to-market factors in returns.",high,medium,32,False,-1,Asset pricing time series factor regressions on stock and bond portfolio returns not DID Event Study IV or RDD so coded as OTHER. Direction is mixed because the paper studies multiple risk factors including market size book to market term and default factors rather than one treatment effect on one outcome.
30,paper_17,YH,2026-05-01,IV,negative,We use rainfall variation as an instrumental variable for economic growth in 41 African countries during 1981–99.,Growth is strongly negatively related to civil conflict: a negative growth shock of five percentage points increases the likelihood of conflict by one-half the following year.,high,high,32,False,-1,Rainfall variation is used as an instrument for economic growth so the method family is IV. Direction is negative because higher economic growth is associated with lower likelihood of civil conflict.
